Geographic name,"Population, 2021","Total private dwellings, 2021","Private dwellings occupied by usual residents, 2021",Average Household Size
Canada,36991981,16284235,14978941,2.469599219
A0A,44930,26102,19752,2.274706359
A0B,19287,13265,9100,2.119450549
A0C,11972,8069,5610,2.134046346
A0E,21209,12623,9741,2.177291859
A0G,33316,21177,14992,2.222251868
A0H,16743,10841,7605,2.201577909
A0J,7497,4696,3430,2.185714286
A0K,24659,14914,11017,2.238268131
A0L,7503,3871,3262,2.300122624
A0M,5468,2958,2540,2.152755906
A0N,12387,7581,5977,2.07244437
A0P,13058,5176,4661,2.801544733
A0R,2661,1401,1056,2.519886364
A1A,30086,13520,12671,2.374398232
A1B,20906,10326,9079,2.302676506
A1C,12713,7562,6641,1.914320133
A1E,26858,14123,12833,2.092885529
A1G,5808,2741,2544,2.283018868
A1H,6469,2530,2439,2.652316523
A1K,12348,4968,4670,2.644111349
A1L,22959,9332,8814,2.60483322
A1M,8405,3354,3167,2.653931165
A1N,22478,10686,9932,2.26318969
A1S,6103,2557,2433,2.508425812
A1V,11890,5429,5073,2.3437808
A1W,11179,4668,4431,2.522906793
A1X,15945,6676,6260,2.547124601
A1Y,5436,2745,2429,2.237958007
A2A,9277,4406,4091,2.267660719
A2B,4739,2293,2099,2.257741782
A2H,25290,12658,11325,2.233112583
A2N,8613,4349,4052,2.125616979
A2V,7447,3387,3089,2.410812561
A5A,8436,4161,3575,2.35972028
A8A,6475,4039,2863,2.261613692
B0C,2748,1808,1235,2.225101215
B0E,25919,14977,11613,2.23189529
B0H,9796,5595,4410,2.221315193
B0J,41032,23424,18777,2.185226607
B0K,35141,20031,15903,2.20970886
B0L,2335,1435,1082,2.158040665
B0M,17448,10120,7844,2.224375319
B0N,40484,19211,17411,2.325196715
B0P,41544,19438,17644,2.354568125
B0R,6090,3802,2819,2.160340546
B0S,17873,10114,8445,2.116400237
B0T,14729,9297,6954,2.118061547
B0V,5658,3152,2752,2.055959302
B0W,25890,13895,11887,2.17800959
B1A,14988,7320,6764,2.21584861
B1B,1237,673,574,2.155052265
B1C,1698,914,784,2.165816327
B1E,1533,754,688,2.228197674
B1G,1796,925,848,2.117924528
B1H,9146,4580,4271,2.141418871
B1J,1148,893,573,2.003490401
B1K,3336,2100,1504,2.218085106
B1L,4952,2140,2053,2.412079883
B1M,1271,537,515,2.467961165
B1N,5605,2670,2487,2.253719341
B1P,14704,7580,6982,2.105986823
B1R,4478,1967,1892,2.366807611
B1S,8826,3977,3786,2.331220285
B1T,400,332,199,2.010050251
B1V,6088,2928,2733,2.22758873
B1W,3521,1138,1081,3.257169288
B1X,921,607,413,2.230024213
B1Y,5941,2906,2633,2.256361565
B2A,7711,3725,3461,2.227968795
B2C,262,174,132,1.984848485
B2E,54,129,31,1.741935484
B2G,15318,7934,6713,2.281841204
B2H,15332,7692,7050,2.174751773
B2J,67,83,34,1.970588235
B2N,20816,10374,9898,2.103051121
B2R,2553,1058,1029,2.481049563
B2S,8011,3261,3159,2.535929091
B2T,17780,6811,6610,2.689863843
B2V,12252,4734,4669,2.624116513
B2W,33145,14027,13762,2.40844354
B2X,12038,5070,4925,2.444263959
B2Y,15420,8312,7916,1.947953512
B2Z,8335,3378,3256,2.559889435
B3A,21857,11978,11493,1.901766293
B3B,1688,575,568,2.971830986
B3E,7085,2981,2883,2.457509539
B3G,11275,4519,4430,2.545146727
B3H,20788,11609,10154,2.047272011
B3J,9086,6130,5256,1.72869102
B3K,23207,12798,12000,1.933916667
B3L,18409,8823,8411,2.188681489
B3M,37555,17491,16978,2.21198021
B3N,14943,7389,7028,2.126209448
B3P,11389,4881,4706,2.420101997
B3R,9500,4323,4153,2.28750301
B3S,13818,6431,6285,2.198568019
B3T,17777,7098,6841,2.598596696
B3V,6136,2615,2509,2.445595855
B3Z,17841,7150,6715,2.656887565
B4A,18541,7719,7463,2.484389656
B4B,19570,7566,7075,2.766077739
B4C,18425,7743,7583,2.429777133
B4E,19718,7752,7609,2.591404915
B4G,5430,1941,1906,2.848898216
B4H,13723,7582,6383,2.1499295
B4N,18024,8462,8122,2.219157843
B4P,8780,4636,4040,2.173267327
B4R,2858,1198,1175,2.432340426
B4V,20376,10281,9310,2.188614393
B5A,16753,8573,7624,2.197402938
B6L,12989,5596,5354,2.426036608
B9A,4472,2165,1973,2.266599088
C0A,48140,24365,19417,2.479270742
C0B,29902,15557,12414,2.408732077
C1A,25861,13091,12069,2.142762449
C1B,14817,6275,5794,2.557300656
C1C,5239,2308,2216,2.364169675
C1E,12681,5122,4846,2.616797359
C1N,17691,8216,7814,2.264013309
E1A,48336,21632,20536,2.353720296
E1B,20584,8797,8651,2.379378107
E1C,25834,13511,12464,2.072689345
E1E,11936,5578,5340,2.235205993
E1G,24784,9625,9362,2.647297586
E1H,7883,3463,3376,2.335011848
E1J,3736,1493,1451,2.574776017
E1N,11333,5519,5078,2.231784167
E1V,13811,6533,6096,2.26558399
E1W,6940,3616,3283,2.113920195
E1X,14082,6648,6260,2.249520767
E2A,17408,9041,8162,2.132810586
E2E,19840,7799,7605,2.608809993
E2G,5528,2121,2081,2.656415185
E2H,4748,1971,1914,2.480668757
E2J,16058,7698,7417,2.165026291
E2K,18798,8968,8302,2.264273669
E2L,8221,5228,4598,1.787951283
E2M,18836,8653,8256,2.281492248
E2N,4310,1772,1721,2.504357931
E2P,1337,570,556,2.404676259
E2R,10,5,5,2
E2S,6970,2831,2727,2.555922259
E2V,14545,6091,5782,2.515565548
E3A,29462,13097,12701,2.319659869
E3B,39788,18861,17818,2.233022786
E3C,12321,5018,4907,2.510902792
E3E,4719,1808,1770,2.666101695
E3G,9122,3632,3565,2.558765778
E3L,8439,4141,3757,2.24620708
E3N,13467,6640,6186,2.177012609
E3V,12142,6094,5733,2.117913832
E3Y,7113,3233,3102,2.29303675
E3Z,3965,1985,1861,2.13057496
E4A,3001,1752,1472,2.038722826
E4B,4263,2549,2000,2.1315
E4C,2451,1840,1118,2.192307692
E4E,9163,4430,4085,2.243084455
E4G,2714,1178,1108,2.449458484
E4H,4208,2087,1855,2.268463612
E4J,5001,2141,2061,2.426491994
E4K,6398,2602,2500,2.5592
E4L,7746,3785,3362,2.303985723
E4M,1937,1466,901,2.149833518
E4N,3895,1888,1637,2.379352474
E4P,15900,8020,6928,2.295034642
E4R,6883,4013,3085,2.231118314
E4S,7276,3645,3207,2.268787028
E4T,2192,1138,990,2.214141414
E4V,4518,2031,1869,2.417335474
E4W,8603,4195,3738,2.301498127
E4X,3090,1435,1339,2.307692308
E4Y,3059,1526,1395,2.192831541
E4Z,5871,2803,2460,2.386585366
E5A,1622,826,719,2.255910987
E5B,3331,1808,1502,2.21770972
E5C,4356,2146,1876,2.32196162
E5E,949,612,423,2.243498818
E5G,2734,1514,1247,2.192461909
E5H,2912,1326,1227,2.373268134
E5J,2112,1122,945,2.234920635
E5K,7261,3047,2907,2.497764018
E5L,2902,1337,1232,2.355519481
E5M,2170,1079,943,2.30116649
E5N,12263,5222,4892,2.506745707
E5P,2682,1113,1033,2.596321394
E5R,1517,785,688,2.20494186
E5S,1887,1002,837,2.254480287
E5T,3149,1739,1307,2.409334353
E5V,718,475,344,2.087209302
E6A,1237,608,512,2.416015625
E6B,1574,740,662,2.377643505
E6C,2104,952,885,2.37740113
E6E,1492,770,666,2.24024024
E6G,2655,1348,1182,2.246192893
E6H,1216,906,570,2.133333333
E6J,1234,645,566,2.180212014
E6K,4086,2241,1793,2.278862242
E6L,4823,2104,1980,2.435858586
E7A,3705,1949,1724,2.149071926
E7B,5641,2609,2487,2.268194612
E7C,5061,2406,2316,2.185233161
E7E,4097,1949,1828,2.241247265
E7G,3621,1970,1662,2.178700361
E7H,5601,2727,2457,2.27960928
E7J,1904,904,836,2.277511962
E7K,2406,1074,1027,2.342745862
E7L,5099,2389,2174,2.345446182
E7M,10438,4672,4452,2.344564241
E7N,3157,1419,1247,2.531676022
E7P,3471,1537,1438,2.413769124
E8A,3644,1702,1608,2.266169154
E8B,2305,1107,1056,2.182765152
E8C,3699,1884,1721,2.149331784
E8E,5117,2486,2305,2.219956616
E8G,2468,1469,1289,1.914662529
E8J,5624,2663,2494,2.255012029
E8K,8712,4193,3917,2.224151136
E8L,2256,1070,1019,2.213935231
E8M,2021,980,925,2.184864865
E8N,2396,1454,1213,1.975267931
E8P,3408,1680,1520,2.242105263
E8R,3125,1586,1445,2.162629758
E8S,4610,2299,2069,2.228129531
E8T,5713,3016,2669,2.140502061
E9A,2229,1149,1025,2.174634146
E9B,2274,1167,990,2.296969697
E9C,2149,1213,1023,2.100684262
E9E,3870,1932,1715,2.256559767
E9G,5297,2421,2239,2.365788298
E9H,2931,1407,1290,2.272093023
G0A,83411,42396,36334,2.295673474
G0C,45955,23601,21675,2.120184544
G0E,4630,2907,2323,1.993112355
G0G,16315,8853,6959,2.344446041
G0H,10538,5445,4761,2.213400546
G0J,29007,16469,13804,2.101347436
G0K,11722,6581,5396,2.172349889
G0L,60937,32170,27385,2.225196275
G0M,34401,16844,14953,2.300608574
G0N,19994,10918,9097,2.197867429
G0P,6786,3418,2928,2.317622951
G0R,84338,43153,37733,2.235125752
G0S,72494,32475,30343,2.38915071
G0T,13560,7759,6495,2.087759815
G0V,18374,10207,8068,2.277392167
G0W,36541,18298,15134,2.414497159
G0X,60486,33235,27708,2.182979645
G0Y,9320,5875,4362,2.136634571
G0Z,8974,4289,3920,2.289285714
G1B,16698,6762,6626,2.520072442
G1C,36215,16886,16394,2.209039893
G1E,27753,14733,14031,1.977977336
G1G,24975,11493,11206,2.228716759
G1H,29618,15572,14939,1.98259589
G1J,23325,14182,13227,1.763438421
G1K,18911,12884,11435,1.653782247
G1L,22024,13773,12769,1.724802255
G1M,20770,10538,10025,2.071820449
G1N,8400,5363,4996,1.681345076
G1P,16538,8450,8071,2.049064552
G1R,16423,12386,10464,1.5694763
G1S,25912,14792,13656,1.897480961
G1T,6797,2937,2792,2.434455587
G1V,23629,15426,12271,1.925596936
G1W,22499,11121,10476,2.147670867
G1X,26746,13699,12979,2.06071346
G1Y,12738,5703,5484,2.322757112
G2A,15350,6729,6528,2.351409314
G2B,24936,11616,11263,2.213974962
G2C,12283,6191,5912,2.077638701
G2E,21054,9337,9111,2.310833059
G2G,10790,4911,4773,2.260632726
G2J,3223,1885,1772,1.818848758
G2K,12845,6994,6430,1.997667185
G2L,14609,6939,6669,2.190583296
G2M,5625,2306,2256,2.493351064
G2N,8486,3600,3495,2.428040057
G3A,20233,8604,8286,2.441829592
G3B,8315,3268,3133,2.654005745
G3C,10434,4723,4161,2.507570296
G3E,16115,6379,6270,2.570175439
G3G,10026,4179,4070,2.463390663
G3H,10142,4352,4186,2.422838032
G3J,10635,4697,4530,2.347682119
G3K,20396,8121,7961,2.5619897
G3L,11103,5743,4970,2.234004024
G3M,7436,3410,3300,2.253333333
G3N,11114,5037,4473,2.484685893
G3S,6647,2511,2397,2.773049645
G3Z,7371,3782,3427,2.150860811
G4A,3063,1489,1428,2.144957983
G4R,20327,10109,8958,2.269144898
G4S,4931,2266,2159,2.283927744
G4T,12654,6665,5830,2.170497427
G4V,6288,3463,3121,2.014738866
G4W,13988,7483,6997,1.99914249
G4X,15063,7352,6780,2.221681416
G4Z,9389,4782,4379,2.144096826
G5A,8283,4582,3843,2.155347385
G5B,5976,2919,2642,2.261922786
G5C,11390,5547,5231,2.177403938
G5H,6974,3433,3257,2.141234265
G5J,6010,3035,2855,2.105078809
G5L,28733,15887,14824,1.938275769
G5M,8829,3884,3802,2.322198843
G5N,8375,3657,3525,2.375886525
G5R,20118,10045,9482,2.121704282
G5T,2884,1518,1385,2.082310469
G5V,10999,5801,5464,2.012994143
G5X,6181,2874,2722,2.270756796
G5Y,23088,11764,11252,2.051901884
G5Z,7603,3408,3281,2.317281317
G6A,2546,1000,993,2.563947633
G6B,8404,4432,4052,2.074037512
G6C,7959,3512,3382,2.353341218
G6E,13110,5618,5489,2.38841319
G6G,20356,10330,9609,2.118430638
G6H,7097,3413,3208,2.212281796
G6J,10627,4358,4256,2.496945489
G6K,8237,3236,3191,2.581322469
G6L,15293,7452,7003,2.183778381
G6P,29578,15475,14480,2.042679558
G6R,4702,1834,1797,2.616583194
G6S,5384,2370,2205,2.441723356
G6T,11201,4647,4558,2.457437473
G6V,32034,16976,15915,2.012818096
G6W,25242,12252,11837,2.132465996
G6X,9307,4796,4625,2.012324324
G6Y,7232,3071,2995,2.414691152
G6Z,23582,9564,9392,2.510860307
G7A,25429,10423,10142,2.507296391
G7B,17614,8450,8075,2.18130031
G7G,16414,7383,7168,2.289899554
G7H,28684,15376,14395,1.992636332
G7J,14443,7388,7078,2.040548177
G7K,762,381,374,2.037433155
G7N,6389,2739,2629,2.430201598
G7P,7418,3278,3097,2.395221182
G7S,19807,8818,8550,2.316608187
G7T,1640,720,706,2.322946176
G7X,25550,13829,12829,1.991581573
G7Y,628,300,289,2.173010381
G7Z,2638,1094,1078,2.447124304
G8A,6033,2845,2710,2.226199262
G8B,22060,10927,10359,2.129549184
G8C,4412,1888,1867,2.363149438
G8E,3837,1665,1577,2.433100824
G8G,4121,2075,1806,2.281838317
G8H,10040,4946,4612,2.176929748
G8J,4259,2529,1884,2.260615711
G8K,10089,5169,4686,2.153008963
G8L,14282,7227,6518,2.191162933
G8M,5173,2369,2250,2.299111111
G8N,2511,1263,1082,2.320702403
G8P,7310,3590,3222,2.268777157
G8T,27831,14646,14025,1.984385027
G8V,9956,4242,4163,2.391544559
G8W,11010,4962,4785,2.300940439
G8Y,33298,16364,15794,2.108268963
G8Z,13972,7785,6983,2.00085923
G9A,20399,12524,11508,1.772592979
G9B,18680,8252,7961,2.34643889
G9C,4017,1636,1603,2.505926388
G9H,13559,6345,6033,2.247472236
G9N,16125,9676,8702,1.853022294
G9P,11567,5881,5627,2.055624667
G9R,2324,1058,991,2.345105954
G9T,15940,8679,8003,1.991753093
G9X,10610,6133,5258,2.01787752
H1A,33158,14941,14532,2.281723094
H1B,20651,9718,9442,2.187142555
H1C,15085,4930,4856,3.106466227
H1E,42568,17190,16674,2.552956699
H1G,50989,21276,20282,2.514002564
H1H,37847,17094,16134,2.345791496
H1J,10587,4928,4797,2.207004378
H1K,37304,15402,14843,2.513238564
H1L,34612,17646,16735,2.068240215
H1M,29352,14536,13806,2.12603216
H1N,24444,12731,12046,2.029221318
H1P,18118,7662,7370,2.45834464
H1R,31259,12416,11848,2.638335584
H1S,26715,11089,10622,2.515063077
H1T,31318,16461,15569,2.011561436
H1V,21908,12588,11829,1.8520585
H1W,30004,17687,16602,1.807252138
H1X,30178,16827,15800,1.91
H1Y,29286,16145,15217,1.92455806
H1Z,36487,14837,14071,2.593063748
H2A,19454,9248,8753,2.222552268
H2B,18049,9341,8728,2.067942255
H2C,17976,9001,8502,2.114326041
H2E,23507,12660,11754,1.999914923
H2G,22115,12862,12002,1.842609565
H2H,14728,8542,7953,1.851879794
H2J,27028,16179,14975,1.804874791
H2K,29084,18011,16590,1.75310428
H2L,27057,17542,15492,1.74651433
H2M,18468,9440,8941,2.065540767
H2N,6442,2936,2744,2.347667638
H2P,14388,8017,7468,1.926620246
H2R,22987,13379,12460,1.844863563
H2S,27217,16198,15060,1.807237716
H2T,16297,9219,8458,1.92681485
H2V,31998,13860,12682,2.523103611
H2W,11508,6881,6108,1.884086444
H2X,21548,15925,12845,1.677539899
H2Y,3727,2988,2262,1.647656941
H2Z,3757,3036,2349,1.599404002
H3A,4360,3722,2680,1.626865672
H3B,1900,1566,1136,1.672535211
H3C,18583,13197,11178,1.662461979
H3E,21565,10843,10288,2.096131415
H3G,11424,9041,6878,1.66094795
H3H,20690,15061,12347,1.675710699
H3J,11915,6169,5627,2.117469344
H3K,15275,8472,7835,1.949585195
H3L,20996,10593,9857,2.130059856
H3M,15840,6801,6447,2.456956724
H3N,29080,13287,12308,2.362690933
H3P,10172,3862,3700,2.749189189
H3R,10108,3847,3591,2.814814815
H3S,33618,16188,14794,2.272407733
H3T,13009,7418,6510,1.998310292
H3V,6732,4518,4007,1.680059895
H3W,30766,13718,12706,2.421375728
H3X,24214,11454,10526,2.300399012
H3Y,9564,3665,3427,2.790779107
H3Z,11544,6609,5887,1.960930865
H4A,26362,13091,12124,2.174364896
H4B,20937,11150,10524,1.98945268
H4C,17301,10371,9492,1.822692794
H4E,30154,15696,14731,2.046975765
H4G,29860,16856,15812,1.88843916
H4H,18936,9482,8969,2.11127216
H4J,18075,7771,7341,2.462198611
H4K,11319,4158,4002,2.828335832
H4L,36216,15190,14174,2.555100889
H4M,12466,4896,4588,2.717088056
H4N,30199,12999,12070,2.501988401
H4P,9106,4787,4427,2.056923424
H4R,31132,12654,12130,2.566529266
H4S,567,226,216,2.625
H4T,0,2,1,0
H4V,20701,9834,9179,2.255256564
H4W,26359,11415,10709,2.461387618
H4X,6467,2654,2533,2.553099092
H7A,21639,7584,7460,2.900670241
H7B,2957,1077,1058,2.79489603
H7C,8816,3760,3509,2.512396694
H7E,26590,10345,10149,2.619962558
H7G,22054,9435,9075,2.430192837
H7H,13865,5078,5018,2.763053009
H7J,2161,905,875,2.469714286
H7K,22475,8406,8210,2.737515225
H7L,37893,13780,13556,2.795293597
H7M,27729,10868,10625,2.609788235
H7N,44641,21408,20354,2.193229832
H7P,37456,14684,14332,2.613452414
H7R,31001,11519,11256,2.754175551
H7S,7752,3332,3246,2.388170055
H7T,28213,12129,11491,2.455225829
H7V,23242,10593,9731,2.388449286
H7W,42580,17932,16908,2.518334516
H7X,27332,9843,9547,2.862888866
H7Y,9978,3442,3390,2.943362832
H8N,33207,14934,14145,2.347613998
H8P,22980,11083,10474,2.194004201
H8R,31491,14411,13602,2.315174239
H8S,25686,12363,11635,2.207649334
H8T,15270,7055,6834,2.234416155
H8Y,19915,7852,7625,2.611803279
H8Z,15127,5822,5637,2.683519603
H9A,15267,5392,5264,2.900265957
H9B,21104,7757,7578,2.784903669
H9C,11725,4211,4137,2.834179357
H9E,3190,1256,1208,2.640728477
H9G,15346,5852,5737,2.674917204
H9H,25097,9638,9377,2.676442359
H9J,21393,7684,7529,2.841413202
H9K,8898,3087,3027,2.939544103
H9P,3836,1547,1512,2.537037037
H9R,26002,10270,9918,2.621697923
H9S,22984,11143,10624,2.163403614
H9W,19277,6915,6753,2.854583148
H9X,9744,4057,3786,2.573692552
J0A,19149,9020,8239,2.324189829
J0B,65700,32981,28136,2.335086722
J0C,23445,10332,9786,2.395769467
J0E,51896,28558,23186,2.238247218
J0G,18624,9267,8497,2.191832411
J0H,52946,22956,22054,2.400743629
J0J,42141,19527,17743,2.375077495
J0K,149238,78999,67140,2.222788204
J0L,83316,34423,33387,2.495462306
J0M,25104,7885,6649,3.775605354
J0N,52112,20731,20252,2.573177958
J0P,42965,18635,17819,2.411190302
J0R,39041,21353,18062,2.16149928
J0S,34124,16563,14780,2.30879567
J0T,51466,42290,26033,1.97695233
J0V,27294,17146,12908,2.114502634
J0W,16608,11615,8138,2.040796264
J0X,48487,32403,21788,2.225399302
J0Y,29035,14125,12282,2.36402866
J0Z,34456,17493,15058,2.288218887
J1A,9132,4382,4115,2.219198056
J1C,6841,2822,2754,2.484023239
J1E,25866,13498,12658,2.043450782
J1G,19632,9625,9139,2.148156253
J1H,29653,17353,15597,1.901198949
J1J,15452,7824,7301,2.116422408
J1K,7435,4157,3450,2.155072464
J1L,16036,8523,8214,1.952276601
J1M,5923,3020,2624,2.257240854
J1N,35087,14900,14511,2.41795879
J1R,10960,4288,4219,2.597771984
J1S,7862,3638,3439,2.286129689
J1T,7993,4117,3873,2.063774852
J1X,33945,18571,15965,2.126213592
J1Z,5742,2269,2185,2.62791762
J2A,12264,5093,4951,2.477075338
J2B,33110,15949,15379,2.152935822
J2C,29991,15040,14608,2.053053122
J2E,4454,2052,1998,2.229229229
J2G,28297,14957,14406,1.964251007
J2H,22474,9256,9064,2.479479259
J2J,18341,8601,8428,2.176198386
J2K,18291,8632,8273,2.210927112
J2L,11381,6263,5073,2.243445693
J2M,7238,3091,2904,2.492424242
J2N,10149,4697,4446,2.282726046
J2R,10383,4516,4408,2.355490018
J2S,29943,15567,14684,2.039158268
J2T,17072,8076,7839,2.177828805
J2W,28762,11325,11166,2.575855275
J2X,20485,8758,8467,2.419392937
J2Y,5576,2226,2186,2.550777676
J3A,9136,5560,5362,1.70384185
J3B,33908,16383,15729,2.15576324
J3E,30045,11761,11609,2.588078215
J3G,33664,14303,14017,2.401655133
J3H,26673,10992,10804,2.468807849
J3L,53680,21567,21125,2.541065089
J3M,11345,4784,4683,2.422592355
J3N,17053,6635,6561,2.599146472
J3P,25025,12702,12149,2.059840316
J3R,14452,7314,7048,2.050510783
J3T,8620,3923,3752,2.297441365
J3V,26050,10566,10383,2.508908793
J3X,21198,8538,8412,2.519971469
J3Y,66364,27993,27238,2.436449078
J3Z,5774,1842,1830,3.155191257
J4B,41743,17733,17291,2.414146088
J4G,10010,4827,4727,2.117622171
J4H,15593,8582,8195,1.902745577
J4J,31102,15546,14958,2.079288675
J4K,27024,14003,13290,2.033408578
J4L,31866,14338,13859,2.299300094
J4M,13149,4989,4938,2.662818955
J4N,11382,5258,5123,2.221745071
J4P,11249,5771,5450,2.064036697
J4R,10674,5199,4973,2.146390509
J4S,6303,3166,3061,2.059131003
J4T,19718,9007,8698,2.266957921
J4V,17033,7541,7296,2.334566886
J4W,18191,7523,7320,2.48510929
J4X,19192,7471,7160,2.680446927
J4Y,25459,10222,9835,2.5886121
J4Z,28686,12061,11572,2.478914622
J5A,29922,11491,11301,2.647730289
J5B,8319,3557,3475,2.393956835
J5C,17347,7016,6909,2.510783037
J5J,18080,7490,7211,2.507280544
J5K,17740,6807,6632,2.67490953
J5L,22965,9534,9330,2.461414791
J5M,24005,9605,9279,2.587024464
J5N,169,83,74,2.283783784
J5R,49403,20269,19780,2.497623862
J5T,14425,5973,5838,2.470880439
J5V,7340,3857,3659,2.006012572
J5W,26780,10875,10662,2.511723879
J5X,8892,3699,3587,2.47895177
J5Y,30084,11237,11081,2.714917426
J5Z,28005,11799,11596,2.415056916
J6A,34313,14891,14646,2.342823979
J6E,46434,23104,22010,2.109677419
J6J,24855,10391,10083,2.465040167
J6K,25960,10021,9834,2.639821029
J6N,16014,7479,7276,2.200934579
J6R,14626,5472,5398,2.709522045
J6S,24765,12005,11480,2.157229965
J6T,18022,8957,8593,2.097288491
J6V,14621,5613,5479,2.668552656
J6W,32422,13677,13444,2.411633442
J6X,25257,9732,9590,2.633680918
J6Y,22926,8145,7976,2.874373119
J6Z,19627,7795,7639,2.569315355
J7A,14187,5368,5277,2.688459352
J7B,13068,4496,4434,2.947225981
J7C,46679,18343,17971,2.597462579
J7E,29356,13886,13298,2.207550008
J7G,17310,7383,7233,2.393197843
J7H,8185,3706,3583,2.284398549
J7J,27644,11847,11481,2.407804198
J7K,36960,14977,14770,2.502369668
J7L,14223,5313,5211,2.729418538
J7M,24708,8884,8753,2.82280361
J7N,33449,13660,13308,2.513450556
J7P,25226,11068,10849,2.325191262
J7R,37992,15804,15388,2.468936834
J7T,29584,10677,10522,2.811632769
J7V,69657,27935,27110,2.569420878
J7W,14751,5786,5640,2.615425532
J7X,5643,2453,2411,2.340522605
J7Y,27006,13774,13297,2.030984433
J7Z,30230,15464,14740,2.050881954
J8A,10669,5597,4683,2.278240444
J8B,14012,8002,6897,2.031607945
J8C,11667,7246,5754,2.027632951
J8E,11046,8848,5435,2.032382705
J8G,8209,5104,3821,2.148390474
J8H,15142,7901,7098,2.133276979
J8L,20056,9214,8552,2.345182413
J8M,13157,5389,5241,2.510398779
J8N,13833,7543,5609,2.466215012
J8P,35320,16341,15679,2.252694687
J8R,28947,11315,11050,2.619638009
J8T,37832,18592,17667,2.141393559
J8V,27274,10576,10223,2.667905703
J8X,11782,7174,6130,1.922022838
J8Y,23803,13386,12235,1.945484266
J8Z,14814,7798,7382,2.006773232
J9A,22508,10439,9944,2.263475463
J9B,7999,3375,3040,2.63125
J9E,7664,4140,3708,2.066882416
J9H,32921,14045,13462,2.445476155
J9J,41342,16388,15717,2.630400204
J9L,14164,7211,6688,2.117822967
J9P,33008,15977,15113,2.184079931
J9T,13221,6222,5921,2.232899848
J9V,3409,1734,1579,2.158961368
J9X,22993,12407,11522,1.995573685
J9Y,10755,4455,4169,2.579755337
J9Z,7411,3717,3510,2.111396011
K0A,111626,43737,42226,2.643537157
K0B,21020,9489,8903,2.361001909
K0C,52838,22714,21675,2.437739331
K0E,39649,18426,16491,2.404281123
K0G,39862,19411,16330,2.441028781
K0H,47286,25346,19081,2.478172004
K0J,34322,19885,14903,2.303026236
K0K,115850,53153,47028,2.463426044
K0L,78142,48786,33068,2.363070037
K0M,53815,37422,23614,2.278944694
K1A,594,416,363,1.636363636
K1B,17769,6866,6707,2.649321604
K1C,37235,14312,14101,2.640592866
K1E,14508,5863,5787,2.506998445
K1G,35074,15333,14705,2.385175111
K1H,16306,7289,7008,2.326769406
K1J,28268,11423,11107,2.545061673
K1K,32046,15235,14445,2.218483904
K1L,18213,10797,9705,1.876661515
K1M,6764,3341,3050,2.217704918
K1N,26639,17122,14475,1.840345423
K1P,645,568,441,1.462585034
K1R,20343,12836,11580,1.756735751
K1S,31257,15662,14390,2.172133426
K1T,40054,13967,13649,2.934573961
K1V,57157,23359,22092,2.587226145
K1W,13825,4730,4634,2.983383686
K1X,4594,1575,1536,2.990885417
K1Y,20712,10737,10123,2.046033784
K1Z,22714,11642,10791,2.104902233
K2A,17156,7738,7491,2.290214925
K2B,33254,15737,15034,2.211919649
K2C,29359,13056,12395,2.368616378
K2E,20172,8461,8129,2.481486038
K2G,50692,18451,17934,2.826586372
K2H,26759,11530,10950,2.443744292
K2J,81863,27759,27343,2.993928976
K2K,24922,9716,9451,2.636969633
K2L,18739,7309,7199,2.603000417
K2M,28708,10069,9954,2.884066707
K2P,18825,14113,12550,1.5
K2R,1237,424,415,2.980722892
K2S,38903,13924,13709,2.837770807
K2T,11871,4064,3959,2.998484466
K2V,10486,3637,3508,2.989167617
K2W,8553,2665,2630,3.252091255
K4A,62125,22000,21481,2.892090685
K4B,4704,1741,1702,2.763807286
K4C,4538,1636,1599,2.838023765
K4K,16958,6763,6610,2.565506808
K4M,14380,5393,5221,2.754261636
K4P,10448,3551,3499,2.985995999
K4R,8740,3220,3179,2.74929223
K6A,12529,6325,6066,2.065446752
K6H,30440,14112,13512,2.252812315
K6J,17827,8263,7982,2.23340015
K6K,3452,1414,1396,2.47277937
K6T,690,264,261,2.643678161
K6V,28174,13705,13099,2.15085121
K7A,17575,7814,7530,2.333997344
K7C,20382,8631,8247,2.471444162
K7G,8740,4305,3924,2.227319062
K7H,16175,8360,7138,2.266040908
K7K,33705,16786,15480,2.177325581
K7L,19621,12191,9408,2.085565476
K7M,49268,22585,21679,2.27261405
K7N,8395,3411,3278,2.561012813
K7P,24660,9538,9324,2.644787645
K7R,15480,6845,6341,2.441255323
K7S,14265,6399,6180,2.308252427
K7V,13943,6881,6287,2.217750915
K8A,26392,11919,11283,2.339094213
K8B,490,176,174,2.816091954
K8H,16188,6342,5982,2.706118355
K8N,30393,13782,13244,2.294850498
K8P,23166,10592,10043,2.306681271
K8R,2012,791,768,2.619791667
K8V,28936,12523,12091,2.393185014
K9A,26757,11937,11491,2.328517971
K9H,29704,14391,13453,2.207983349
K9J,44547,19998,18885,2.358856235
K9K,13359,5226,5063,2.638554217
K9L,7813,3099,3000,2.604333333
K9V,29369,12949,12222,2.402961872
L0A,15325,5729,5494,2.789406625
L0B,15501,6072,5733,2.70381999
L0C,9486,3537,3381,2.805678793
L0E,21898,10072,8638,2.535077564
L0G,44945,15980,15514,2.897060719
L0H,1223,465,436,2.805045872
L0J,4945,1529,1456,3.396291209
L0K,38386,22207,15846,2.422440995
L0L,42022,19252,15670,2.681684748
L0M,37226,14086,13274,2.804429712
L0N,2395,894,829,2.889022919
L0P,7779,2777,2649,2.936579841
L0R,83602,29717,29066,2.876281566
L0S,60409,28128,24552,2.460451287
L1A,15845,7030,6777,2.338055187
L1B,13203,5280,5132,2.572681216
L1C,50217,18207,17719,2.834076415
L1E,28325,9806,9637,2.939192695
L1G,43497,19291,18541,2.345989968
L1H,32298,14480,13686,2.359929855
L1J,43107,17776,17154,2.512941588
L1K,43574,13824,13519,3.223167394
L1L,12976,3986,3766,3.445565587
L1M,22542,6992,6899,3.267430062
L1N,49649,19596,19117,2.597112518
L1P,22928,7132,6957,3.295673422
L1R,42221,13260,13098,3.223469232
L1S,42045,16037,15664,2.684180286
L1T,52632,15281,14986,3.512077939
L1V,52787,18257,17835,2.95974208
L1W,18433,7323,7091,2.599492314
L1X,24639,7516,7333,3.360016364
L1Y,1976,730,693,2.851370851
L1Z,31989,8957,8838,3.619484046
L2A,17293,7783,7277,2.37639137
L2E,18587,9017,8340,2.228657074
L2G,30344,13412,12531,2.421514644
L2H,29820,10594,10340,2.883945841
L2J,14908,6369,6206,2.402191428
L2M,33704,14869,14443,2.333587205
L2N,30719,13827,13244,2.319465418
L2P,15128,6706,6432,2.35199005
L2R,25558,13117,12003,2.129301008
L2S,19400,7837,7586,2.557342473
L2T,11401,5309,4876,2.338187039
L2V,19795,8400,7738,2.558154562
L2W,1959,686,677,2.893648449
L3B,25869,11617,11047,2.341721734
L3C,33462,14273,13870,2.412545061
L3K,19458,9086,8481,2.294304917
L3L,879,257,242,3.632231405
L3M,28433,11465,11237,2.530301682
L3P,37336,12978,12631,2.955902146
L3R,62060,21994,21099,2.941371629
L3S,55403,15734,14976,3.699452457
L3T,50405,20672,19869,2.536866475
L3V,48651,22293,20346,2.391182542
L3X,45284,14261,13946,3.247095941
L3Y,43556,17365,16709,2.606738883
L3Z,41072,13290,12821,3.203494267
L4A,50389,17366,16906,2.980539453
L4B,36080,13301,12878,2.801677279
L4C,74636,30129,28600,2.60965035
L4E,54606,17103,16620,3.285559567
L4G,62061,22255,21508,2.885484471
L4H,77353,22218,21863,3.538078031
L4J,75120,26995,26252,2.861496267
L4K,20172,8679,7764,2.598145286
L4L,55426,20428,19845,2.792945326
L4M,46902,19372,18401,2.548883213
L4N,100835,37801,36749,2.743884187
L4P,29861,11365,10817,2.760562078
L4R,19245,8901,8428,2.283459896
L4S,36688,11480,11212,3.272208348
L4T,38182,12302,11437,3.338462884
L4V,5,1,1,5
L4W,19744,7358,7150,2.761398601
L4X,18719,7074,6769,2.765401093
L4Y,23490,9118,8863,2.650344127
L4Z,37218,13241,12815,2.904252829
L5A,47406,18817,18132,2.614493713
L5B,67131,29048,27315,2.457660626
L5C,29284,10210,9880,2.963967611
L5E,12972,5539,5315,2.440639699
L5G,20714,9226,8719,2.375731162
L5H,17409,6541,6272,2.775669643
L5J,28208,10960,10655,2.647395589
L5K,13363,4732,4587,2.91323305
L5L,43585,15694,15207,2.866114289
L5M,106468,33246,32267,3.299594012
L5N,83700,27101,26553,3.152186194
L5R,37022,13438,12691,2.917185407
L5S,27,6,4,6.75
L5T,19,5,5,3.8
L5V,49149,13962,13631,3.605678233
L5W,24145,6470,6307,3.828286031
L6A,89287,27080,26517,3.367160689
L6B,34763,10373,10137,3.429318339
L6C,51738,16291,15918,3.250282699
L6E,38387,11924,11696,3.282062244
L6G,8364,4916,4521,1.850033179
L6H,72662,25860,24806,2.929210675
L6J,24420,8656,8357,2.922101232
L6K,14118,6598,6258,2.25599233
L6L,30012,11714,11293,2.657575489
L6M,72547,23351,22844,3.17575731
L6P,91155,21549,20994,4.341954844
L6R,93783,23902,23263,4.03142329
L6S,54361,17297,16844,3.227321301
L6T,39614,14127,13595,2.913865392
L6V,42392,14632,13902,3.049345418
L6W,23547,8735,8305,2.835279952
L6X,76113,21772,20935,3.635681872
L6Y,97601,28798,27587,3.537934534
L6Z,33888,10472,10083,3.360904493
L7A,104009,27796,26958,3.858186809
L7B,17809,5790,5570,3.197307002
L7C,33846,9967,9567,3.53778614
L7E,34516,11754,11292,3.056677294
L7G,48051,16847,16558,2.901980916
L7J,13766,5110,4999,2.75375075
L7K,8486,3164,2928,2.898224044
L7L,47433,17852,17521,2.707208493
L7M,48498,17184,16929,2.864788233
L7N,13160,5469,5381,2.445642074
L7P,29777,11060,10874,2.738366746
L7R,17338,8675,8303,2.088160906
L7S,12207,6368,6167,1.979406519
L7T,18555,8287,8012,2.315901148
L8B,25778,9053,8902,2.895753763
L8E,41927,15736,15316,2.73746409
L8G,21805,9518,9313,2.3413508
L8H,26187,11792,11242,2.329389788
L8J,29146,9465,9304,3.132631126
L8K,32598,14405,13941,2.338282763
L8L,32312,14444,13112,2.464307505
L8M,13774,7096,6381,2.158595831
L8N,15568,8630,7670,2.029726206
L8P,24773,14969,13561,1.826782686
L8R,11651,6113,5600,2.080535714
L8S,15787,8714,7186,2.19691066
L8T,19405,7948,7779,2.494536573
L8V,21165,9662,9355,2.26242651
L8W,26077,8612,8495,3.069688052
L9A,25899,10346,10117,2.559948601
L9B,25025,8461,8338,3.001319261
L9C,41202,15123,14732,2.796768938
L9E,16933,5075,4881,3.469166154
L9G,25020,9180,8974,2.788054379
L9H,31221,12828,12509,2.495882964
L9J,2272,1138,1062,2.139359699
L9K,15928,5138,4972,3.203539823
L9L,14620,5910,5644,2.590361446
L9M,16607,9066,6660,2.493543544
L9N,21656,7297,7035,3.078322672
L9P,17383,6770,6522,2.665286722
L9R,25949,9929,9648,2.689572968
L9S,33434,13557,12132,2.755852291
L9T,110956,34110,33406,3.321439262
L9V,17750,6657,6111,2.904598265
L9W,48790,17840,17309,2.818764804
L9X,12896,4326,4237,3.043662969
L9Y,28925,17262,13077,2.211898754
L9Z,24849,13761,10805,2.299768626
M1B,65555,21561,20563,3.188007586
M1C,35642,11724,11396,3.127588628
M1E,48033,18085,17320,2.773267898
M1G,30894,10791,10313,2.995636575
M1H,23964,9021,8632,2.77618165
M1J,37002,13253,12633,2.928995488
M1K,48175,18687,17709,2.720368174
M1L,35833,13177,12559,2.853173023
M1M,23258,9067,8641,2.691586622
M1N,22976,10056,9521,2.413191892
M1P,45170,17308,16491,2.739069796
M1R,30467,11476,10919,2.790273835
M1S,37663,14021,13328,2.825855342
M1T,34607,13826,13232,2.615402056
M1V,50825,16556,15962,3.184124796
M1W,47070,17294,16735,2.812668061
M1X,14810,3808,3720,3.981182796
M2H,23396,8953,8560,2.73317757
M2J,61761,25487,24215,2.550526533
M2K,25377,12626,11687,2.171387011
M2L,11274,4181,3938,2.862874556
M2M,31915,13259,12495,2.554221689
M2N,75100,36968,34137,2.199958989
M2P,7546,3152,2984,2.528820375
M2R,40581,16189,15363,2.641476274
M3A,34361,13705,13127,2.617582083
M3B,12880,5178,4959,2.597297842
M3C,39616,17146,16247,2.438357851
M3H,38416,15630,14767,2.601476265
M3J,26600,10445,9708,2.740008241
M3K,7865,3100,2945,2.670628183
M3L,19263,6700,6396,3.011726079
M3M,24906,9962,9519,2.616451308
M3N,40846,14308,13632,2.99633216
M4A,14589,6303,6060,2.407425743
M4B,18612,8038,7611,2.445407962
M4C,46440,20553,19159,2.423926092
M4E,25473,11581,10874,2.342560235
M4G,19598,8622,8078,2.426095568
M4H,18698,6419,6061,3.084969477
M4J,35128,15338,14586,2.408336761
M4K,30913,15139,14194,2.177892067
M4L,32218,14789,13751,2.342956876
M4M,25052,12249,11443,2.189286026
M4N,16058,6669,6226,2.579184067
M4P,25057,16696,13974,1.793115786
M4R,11909,5989,5420,2.197232472
M4S,30754,17169,15719,1.956485782
M4T,10332,5619,5099,2.026279663
M4V,19273,11403,10190,1.891364082
M4W,15296,9238,8071,1.895180275
M4X,19896,11142,9874,2.01498886
M4Y,36319,26472,22734,1.597563121
M5A,48978,30508,27320,1.792752562
M5B,17422,13071,10544,1.652314112
M5C,3149,2306,1884,1.671443737
M5E,11779,8246,7270,1.620220083
M5G,9751,7198,5738,1.699372604
M5H,3248,2355,1886,1.722163309
M5J,16879,11928,10158,1.661645993
M5M,25495,9726,9275,2.748787062
M5N,16154,6724,6293,2.566979183
M5P,19791,10417,9537,2.075180874
M5R,26197,16591,13845,1.892163236
M5S,17074,10971,9018,1.893324462
M5T,17903,10452,9012,1.986573458
M5V,59912,42449,37165,1.612054352
M6A,22380,9803,9211,2.429703615
M6B,28534,11630,10997,2.594707648
M6C,23997,11093,10196,2.353570027
M6E,37684,16172,14852,2.537301374
M6G,30600,14329,13032,2.348066298
M6H,43730,21284,19264,2.270037375
M6J,32111,17027,15453,2.077978386
M6K,42110,25403,22726,1.852943765
M6L,20156,7721,7323,2.75242387
M6M,42148,16883,15913,2.648652045
M6N,40252,16981,15956,2.52268739
M6P,39870,20750,19019,2.096324728
M6R,19349,9255,8479,2.281990801
M6S,34029,15343,14517,2.344079355
M7A,5,5,3,1.666666667
M8V,44144,24434,22829,1.933680845
M8W,22381,9994,9402,2.380450968
M8X,10624,4814,4580,2.319650655
M8Y,21986,10533,9984,2.202123397
M8Z,19312,7784,7461,2.588392977
M9A,36642,16604,15708,2.332696715
M9B,33236,13246,12698,2.617420066
M9C,38725,15834,15315,2.528566765
M9L,11737,4082,3772,3.111611877
M9M,24245,8500,8165,2.969381506
M9N,26059,11272,10463,2.490585874
M9P,20645,8199,7901,2.612960385
M9R,33783,12898,12417,2.720705484
M9V,53878,17463,16653,3.235332973
M9W,40977,14820,14169,2.892017785
N0A,31957,14737,13054,2.448061897
N0B,86919,31269,30135,2.884320557
N0C,17537,8191,6657,2.634369836
N0E,36557,15375,13742,2.660238684
N0G,86935,35896,32741,2.655233499
N0H,53674,34400,23288,2.304792168
N0J,33457,12005,11515,2.905514546
N0K,24817,9419,9059,2.739485594
N0L,49817,19408,18789,2.651391772
N0M,69177,32011,27634,2.503329232
N0N,42297,18752,16933,2.497903502
N0P,53140,23162,21267,2.498706917
N0R,50203,19287,18131,2.768904087
N1A,12614,5563,4997,2.524314589
N1C,3678,1237,1222,3.009819967
N1E,44799,18055,17506,2.559065463
N1G,29688,12853,11514,2.578426264
N1H,42178,18802,18048,2.336990248
N1K,10908,3787,3675,2.968163265
N1L,17474,6722,6177,2.828881334
N1M,18498,7546,7222,2.561340349
N1P,7991,2526,2506,3.188747007
N1R,42928,18081,17337,2.476091596
N1S,20171,8187,7918,2.547486739
N1T,18513,5647,5578,3.318931517
N2A,32454,12178,11833,2.742668808
N2B,16939,7329,7149,2.369422297
N2C,17681,7494,7284,2.427375069
N2E,40428,14544,14233,2.840441228
N2G,14580,8284,7802,1.868751602
N2H,22456,11453,10783,2.082537327
N2J,20899,10672,9476,2.205466442
N2K,29381,10815,10576,2.778082451
N2L,37953,19681,16193,2.343790527
N2M,36494,16113,15506,2.353540565
N2N,26596,9145,9014,2.950521411
N2P,25040,8848,8474,2.954920935
N2R,18445,5835,5678,3.248502994
N2T,20634,7109,6994,2.950243065
N2V,19428,6360,6261,3.103018687
N2Z,12341,6608,5234,2.357852503
N3A,17045,6395,6293,2.708565072
N3B,13190,4824,4743,2.780940333
N3C,27518,9657,9458,2.909494608
N3E,2802,839,793,3.533417402
N3H,24306,10220,9755,2.49164531
N3L,17676,6741,6526,2.708550414
N3P,8542,3209,3173,2.692089505
N3R,35858,15069,14718,2.436336459
N3S,27527,12070,11497,2.394276768
N3T,37406,14602,13914,2.688371424
N3V,1562,572,566,2.759717314
N3W,15805,5731,5579,2.832944972
N3Y,23402,10382,9922,2.358597057
N4B,8223,3459,3341,2.46123915
N4G,21519,9509,9207,2.337243402
N4K,28975,13555,12877,2.250135901
N4L,8337,4293,3716,2.243541442
N4N,10341,4849,4392,2.354508197
N4S,33055,14516,13973,2.365633722
N4T,15161,5543,5436,2.788999264
N4V,3477,1360,1312,2.650152439
N4W,13311,5221,5052,2.6347981
N4X,9946,4195,4066,2.446138711
N4Z,2362,911,899,2.627363737
N5A,32898,15203,14548,2.261341765
N5C,15721,6382,6194,2.538101388
N5H,15625,5763,5523,2.829078399
N5L,3714,2003,1696,2.189858491
N5P,21081,8962,8651,2.436828112
N5R,30680,12933,12637,2.427791406
N5V,32961,13236,12636,2.608499525
N5W,24740,12388,11584,2.13570442
N5X,36963,13738,13209,2.798319328
N5Y,35934,16194,15292,2.349856134
N5Z,24067,11008,10538,2.283829949
N6A,13810,9768,7354,1.877889584
N6B,11101,7181,6483,1.712324541
N6C,30629,14812,14159,2.163217741
N6E,28140,10366,10108,2.783933518
N6G,50940,20315,18428,2.76427176
N6H,44215,20694,19241,2.297957487
N6J,27497,13174,12757,2.15544407
N6K,37596,15303,14939,2.516634313
N6L,5167,1699,1577,3.276474318
N6M,8542,2822,2742,3.115244347
N6N,728,299,284,2.563380282
N6P,10943,4081,3970,2.756423174
N7A,12495,6687,5678,2.200598802
N7G,19921,8072,7876,2.529329609
N7L,25127,11583,11183,2.246892605
N7M,25579,11361,10845,2.358598432
N7S,28410,11643,11283,2.517947354
N7T,26033,13973,12908,2.01681128
N7V,11611,5713,5515,2.105349048
N7W,2578,1316,1298,1.986132512
N7X,1129,483,465,2.427956989
N8A,12624,5765,5486,2.301130149
N8H,27530,10486,9868,2.789825699
N8M,11819,4755,4624,2.556012111
N8N,24534,9580,9405,2.60861244
N8P,14603,5536,5463,2.673073403
N8R,12733,4455,4388,2.901777575
N8S,22354,10830,10473,2.134440943
N8T,17935,8046,7766,2.309425702
N8W,24057,10072,9764,2.463846784
N8X,16457,7796,7303,2.253457483
N8Y,19254,9686,9132,2.108409987
N9A,26107,14264,12567,2.077425002
N9B,19613,8223,7350,2.668435374
N9C,12538,5838,5347,2.34486628
N9E,21465,7779,7578,2.832541568
N9G,20712,6728,6606,3.135331517
N9H,13173,4737,4582,2.874945439
N9J,20089,7389,7262,2.766317819
N9K,2757,862,854,3.228337237
N9V,21688,8790,8505,2.550029394
N9Y,15836,6522,6210,2.550080515
P0A,17822,14748,8200,2.173414634
P0B,9589,8951,4165,2.302280912
P0C,4824,6930,2210,2.18280543
P0E,3606,3164,1576,2.288071066
P0G,3553,4048,1687,2.106105513
P0H,31909,17044,13308,2.397730688
P0J,20179,9704,8729,2.311719556
P0K,11456,6383,5138,2.229661347
P0L,22859,10591,9157,2.496341597
P0M,49727,24862,21257,2.339323517
P0N,9435,4472,4002,2.357571214
P0P,20285,12782,8819,2.300147409
P0R,12976,8224,5784,2.243430152
P0S,10170,6839,4498,2.261004891
P0T,32000,17869,13593,2.354152873
P0V,22944,9106,7323,3.133142155
P0W,6454,3903,2536,2.544952681
P0X,8410,7414,3365,2.499257058
P0Y,96,226,55,1.745454545
P1A,16959,7785,7432,2.281889128
P1B,33113,16526,15244,2.172198898
P1C,3371,1197,1174,2.871379898
P1H,18099,10316,7696,2.351741164
P1L,17984,9535,7521,2.391171387
P1P,11083,6921,4605,2.406731813
P2A,14695,10034,6469,2.27160303
P2B,9754,4606,4368,2.233058608
P2N,6944,3943,3407,2.038156736
P3A,24326,10701,10312,2.358999224
P3B,16434,8194,7582,2.167501978
P3C,17596,10143,8928,1.970878136
P3E,29132,14139,13204,2.206301121
P3G,4167,1807,1633,2.551745254
P3L,7996,3288,3177,2.516839786
P3N,7980,3121,3060,2.607843137
P3P,15408,6009,5852,2.632946001
P3Y,7757,3167,2997,2.588254922
P4N,24098,11932,10984,2.193918427
P4P,3232,1371,1325,2.439245283
P4R,4795,1820,1758,2.727531286
P5A,11372,6275,5839,1.947593766
P5E,5427,2704,2415,2.247204969
P5N,8260,4260,3871,2.133815552
P6A,33800,16498,15008,2.252132196
P6B,22754,11032,10422,2.183266168
P6C,18766,8926,8467,2.216369434
P7A,28587,14359,13263,2.155394707
P7B,22675,11110,10336,2.1937887
P7C,21695,10098,9489,2.286331542
P7E,20897,10401,9927,2.105066989
P7G,13238,5781,5024,2.634952229
P7J,4859,1877,1795,2.706963788
P7K,6801,2710,2649,2.567383918
P7L,2188,1163,919,2.380848749
P8N,9619,4597,4244,2.266493874
P8T,5541,2507,2211,2.506105834
P9A,10079,5176,4410,2.285487528
P9N,14088,7180,6037,2.333609409
R0A,43242,16437,14371,3.008976411
R0B,42205,12891,10338,4.082511124
R0C,56940,29544,21984,2.590065502
R0E,39578,27057,16213,2.44112749
R0G,43710,16500,15475,2.824555735
R0H,17902,5749,5162,3.468035645
R0J,29050,14933,11518,2.52213926
R0K,28076,12583,10864,2.584315169
R0L,26272,13160,10896,2.411160059
R0M,19451,9273,7904,2.46090587
R1A,21473,8807,8447,2.542085948
R1B,280,164,161,1.739130435
R1C,3937,1545,1506,2.614209827
R1N,16641,7388,6817,2.441103125
R2C,32816,12905,12651,2.593945143
R2E,9511,3418,3379,2.814738088
R2G,33874,15592,15190,2.23001975
R2H,16136,8250,7779,2.07430261
R2J,26960,10995,10724,2.513987318
R2K,34345,14077,13738,2.5
R2L,15255,6611,6294,2.423736892
R2M,38978,17676,16954,2.299044473
R2N,31384,12169,11935,2.629576875
R2P,35218,10878,10566,3.333144047
R2R,25599,7646,7509,3.409109069
R2V,38204,14848,14443,2.645156823
R2W,29483,12516,11294,2.610501151
R2X,19674,6993,6726,2.925066905
R2Y,19849,8598,8383,2.367768102
R3A,5156,2276,1927,2.67566165
R3B,12545,7190,6136,2.044491525
R3C,16798,11402,9586,1.752347173
R3E,19009,7360,6815,2.789288335
R3G,25200,11243,10540,2.390891841
R3H,116,44,42,2.761904762
R3J,28343,13080,12574,2.254095753
R3K,12431,5421,5328,2.333145646
R3L,20725,12201,11350,1.825991189
R3M,22203,11041,10470,2.120630372
R3N,16591,7579,7292,2.275233132
R3P,20616,8840,8476,2.432279377
R3R,25743,10604,10366,2.483407293
R3S,603,194,190,3.173684211
R3T,50190,20702,19534,2.569366233
R3V,6416,2500,2432,2.638157895
R3W,16173,5857,5682,2.846356917
R3X,22304,7679,7495,2.975850567
R3Y,33116,11151,10648,3.110067618
R4A,5471,1826,1792,3.053013393
R4G,1658,561,552,3.003623188
R4H,3282,964,938,3.498933902
R4J,1049,378,369,2.842818428
R4K,960,219,213,4.507042254
R4L,1350,493,474,2.848101266
R5A,3854,1366,1345,2.865427509
R5G,25086,9193,8890,2.821822272
R5H,5033,2007,1943,2.590324241
R5J,1431,509,489,2.926380368
R5K,6071,2137,2078,2.921559192
R5L,2251,841,813,2.768757688
R5M,2296,839,804,2.855721393
R5N,5593,1923,1897,2.948339483
R5P,738,284,272,2.713235294
R5R,1310,499,486,2.695473251
R5T,865,317,308,2.808441558
R6M,11444,4627,4441,2.576897095
R6W,21551,7191,6991,3.082677729
R7A,30022,13183,12279,2.444987377
R7B,22321,9324,8975,2.487019499
R7C,2870,1448,1333,2.15303826
R7N,9956,4762,4436,2.244364292
R8A,5294,2696,2442,2.167895168
R8N,13294,5557,4790,2.775365344
R9A,6782,2817,2600,2.608461538
S0A,52751,27603,22737,2.320051018
S0C,21738,11121,8819,2.464905318
S0E,32382,16177,13364,2.423076923
S0G,65896,33003,26601,2.477200105
S0H,21972,11473,9203,2.387482343
S0J,50642,25168,17727,2.856772155
S0K,90185,37514,33684,2.677383921
S0L,30490,14774,12255,2.487964096
S0M,48250,23520,17385,2.775381076
S0N,21369,10151,8072,2.647299306
S0P,6464,2104,1791,3.609156896
S2V,863,505,355,2.430985915
S3N,18635,8537,7910,2.355878635
S4A,11958,5770,4986,2.398315283
S4H,11807,5509,5022,2.351055356
S4K,81,49,35,2.314285714
S4L,5643,1884,1851,3.048622366
S4N,30983,12993,12139,2.552351924
S4P,13501,8233,6906,1.954966696
S4R,34399,14878,13951,2.465701383
S4S,34562,15091,14290,2.418614416
S4T,31061,15314,13574,2.288271696
S4V,33781,13228,12723,2.655112788
S4W,14378,5941,5456,2.63526393
S4X,29118,11444,11146,2.612417011
S4Y,5669,2033,1979,2.86457807
S4Z,1340,707,653,2.052067381
S6H,27554,13539,12292,2.241620566
S6J,5847,2546,2377,2.459823307
S6K,1337,483,464,2.881465517
S6V,42147,17131,15800,2.667531646
S6W,288,166,144,2
S6X,2521,778,761,3.312746386
S7A,176,44,44,4
S7B,497,217,210,2.366666667
S7C,1137,467,391,2.907928389
S7H,36818,17436,16168,2.27721425
S7J,30833,13436,12825,2.404132554
S7K,39076,18371,17107,2.284211142
S7L,41123,16917,15434,2.664442141
S7M,31870,14577,13020,2.447772657
S7N,27385,12398,11380,2.406414763
S7P,178,65,62,2.870967742
S7R,8990,2968,2825,3.182300885
S7S,5730,2338,2234,2.564905998
S7T,17468,6930,6441,2.712001242
S7V,16575,6471,6125,2.706122449
S7W,19204,7168,6637,2.893475968
S9A,14926,6750,6073,2.457763873
S9H,18545,8611,7896,2.348657548
S9V,14463,6099,5406,2.67536071
S9X,7899,3095,2851,2.770606805
T0A,57940,27641,22165,2.61403113
T0B,63070,28586,24593,2.564550888
T0C,62815,29839,24008,2.616419527
T0E,40343,21807,16111,2.504065545
T0G,40682,18790,14991,2.71376159
T0H,81424,32729,28177,2.889732761
T0J,50752,20564,18211,2.786887046
T0K,59088,21924,19075,3.097667104
T0L,52040,21062,18865,2.758547575
T0M,66367,29058,26067,2.546016036
T0P,3085,1470,1123,2.747105966
T1A,24982,12341,11440,2.183741259
T1B,32996,13781,13286,2.483516484
T1C,9405,4147,3964,2.372603431
T1G,11028,4101,3963,2.782740348
T1H,27814,12017,11428,2.433846692
T1J,26220,11692,10738,2.441795493
T1K,47253,20198,19003,2.486607378
T1L,7360,2875,2571,2.862699339
T1M,10056,3712,3615,2.781742739
T1P,17037,6817,6507,2.618257261
T1R,17161,6340,5965,2.876948868
T1S,43512,15604,15110,2.87968233
T1V,15703,6505,6309,2.488983991
T1W,17063,9845,7235,2.358396683
T1X,25295,8037,7794,3.245445214
T1Y,52860,18409,17210,3.071470076
T1Z,2709,822,773,3.504527814
T2A,57761,22555,21008,2.74947639
T2B,22530,9835,9239,2.438575603
T2C,19865,8525,8229,2.414023575
T2E,36342,19054,17548,2.071005243
T2G,16594,10983,9419,1.761758148
T2H,9223,4592,4296,2.146880819
T2J,41906,17613,17103,2.450213413
T2K,34673,15319,14530,2.386304198
T2L,14353,6689,6142,2.336860957
T2M,20475,9760,8989,2.277783958
T2N,25807,13130,11865,2.175052676
T2P,14347,9867,8261,1.736714683
T2R,17743,13181,11615,1.527593629
T2S,14781,8747,7964,1.855976896
T2T,30791,16539,15129,2.035230352
T2V,32631,15618,14792,2.205989724
T2W,39827,16823,16324,2.439781916
T2X,54683,19797,19306,2.832435512
T2Y,60196,21448,20946,2.873866132
T2Z,69025,25217,24716,2.79272536
T3A,51236,19432,18800,2.725319149
T3B,38129,17084,15964,2.388436482
T3C,24145,12822,11668,2.069334933
T3E,42336,19562,18441,2.295754026
T3G,57196,21032,20582,2.778933048
T3H,72004,26491,25548,2.818381087
T3J,78834,22350,21113,3.733908019
T3K,79143,27820,27119,2.918359822
T3L,30024,10546,10278,2.921190893
T3M,56701,20745,19899,2.84943967
T3N,33539,10566,9982,3.359947906
T3P,27666,8992,8693,3.182560681
T3R,34957,11849,11443,3.054880713
T3S,288,121,117,2.461538462
T3Z,10596,3730,3563,2.9738984
T4A,19940,7439,7190,2.773296245
T4B,58053,21015,20461,2.837251356
T4C,37325,14724,13967,2.672370588
T4E,5229,2091,1940,2.695360825
T4G,13368,6073,5126,2.607881389
T4H,11831,5163,4792,2.468906511
T4J,11390,4758,4464,2.551523297
T4L,17145,7055,6599,2.598120927
T4M,7754,2851,2739,2.830960204
T4N,30584,15796,14234,2.148658142
T4P,33759,13583,12855,2.62613769
T4R,37024,14372,13755,2.691675754
T4S,20586,9284,8149,2.526199534
T4T,13296,5549,5131,2.591307737
T4V,20160,9281,8670,2.325259516
T4X,26447,9122,8790,3.008759954
T5A,34427,14270,13361,2.576678392
T5B,15373,8185,7119,2.159432505
T5C,15937,6558,6099,2.61305132
T5E,33607,13556,12635,2.659833795
T5G,12873,6855,5813,2.214519181
T5H,25367,16659,13802,1.83792204
T5J,6288,5654,4013,1.56690755
T5K,22440,16632,14330,1.565945569
T5L,16755,7206,6635,2.525244913
T5M,15462,7919,7127,2.169496282
T5N,14713,8006,7166,2.053167737
T5P,20475,10341,9251,2.213274241
T5R,24643,10373,9849,2.50208143
T5S,7731,3017,2922,2.645790554
T5T,77839,30147,28883,2.694976284
T5V,146,62,58,2.517241379
T5W,20047,9056,8332,2.406024964
T5X,42643,16015,15347,2.778588649
T5Y,54437,19752,18777,2.899131917
T5Z,34199,12095,11655,2.934277134
T6A,14477,6772,6311,2.293931231
T6B,9291,4284,4058,2.289551503
T6C,20242,10541,9676,2.091980157
T6E,22893,14444,12539,1.82574368
T6G,11502,6474,5327,2.159189037
T6H,27878,13289,11957,2.331521285
T6J,45386,19657,18432,2.46234809
T6K,28047,10871,10236,2.74003517
T6L,49215,18756,17867,2.754519505
T6M,33889,12285,11830,2.864666103
T6N,28,12,12,2.333333333
T6P,1806,867,825,2.189090909
T6R,45153,16866,16139,2.797756986
T6S,23,6,6,3.833333333
T6T,48823,14583,14087,3.46581955
T6V,23107,7492,7239,3.192015472
T6W,83496,32278,30347,2.751375754
T6X,50392,17019,16318,3.088123545
T6Y,232,102,95,2.442105263
T7A,11412,4934,4488,2.542780749
T7E,13720,6005,5404,2.538860104
T7N,7176,3107,2922,2.455852156
T7P,7183,3306,2988,2.40394913
T7S,11873,5044,4579,2.592924219
T7V,10315,4597,4191,2.461226438
T7X,47506,18350,17732,2.679111211
T7Y,17057,6363,6025,2.831037344
T7Z,18929,7870,7505,2.52218521
T8A,42146,16315,15942,2.643708443
T8B,7075,2654,2557,2.766914353
T8C,4406,1601,1550,2.842580645
T8E,8247,3046,2955,2.790862944
T8G,4784,1891,1801,2.656302054
T8H,31062,12161,11827,2.626363406
T8L,29258,11748,11207,2.610689747
T8N,68213,27014,25933,2.630355146
T8R,15960,6090,5734,2.783397279
T8S,7930,3397,2989,2.653061224
T8T,7283,2530,2379,3.061370324
T8V,31632,15108,13294,2.379419287
T8W,21556,8107,7553,2.853965312
T8X,24187,9164,8548,2.829550772
T9A,15093,6665,6142,2.457342885
T9C,6656,3177,2866,2.322400558
T9E,34385,13641,13085,2.627818112
T9G,6969,2788,2668,2.612068966
T9H,26075,11899,9860,2.644523327
T9J,3776,1680,1378,2.740203193
T9K,40909,16052,14119,2.897443162
T9M,18238,7706,7000,2.605428571
T9N,9439,4101,3651,2.585319091
T9S,6360,3330,2629,2.419170787
T9V,20751,8928,8009,2.59096017
T9W,8091,3463,3208,2.52213217
T9X,5403,2579,2237,2.415288333
V0A,16077,10472,7111,2.260863451
V0B,36123,20712,15777,2.289598783
V0C,26463,12878,10529,2.513344097
V0E,72013,39107,30989,2.323824583
V0G,26940,14266,12332,2.184560493
V0H,58479,32379,26061,2.243927708
V0J,51918,24434,21122,2.458005871
V0K,33615,19913,15435,2.177842566
V0L,4849,2729,2035,2.382800983
V0M,12420,5617,4881,2.544560541
V0N,71423,39578,31745,2.249897622
V0P,7335,4590,3540,2.072033898
V0R,72310,36491,31182,2.31896607
V0S,366,420,176,2.079545455
V0T,9032,4777,3884,2.325437693
V0V,1894,945,685,2.764963504
V0W,503,539,289,1.740484429
V0X,22683,11756,9815,2.311054508
V1A,9024,4706,3991,2.261087447
V1B,23425,9993,8931,2.622886575
V1C,26195,11418,11013,2.37855262
V1E,21397,9327,8886,2.407945082
V1G,15116,7308,6399,2.362244101
V1H,14999,8036,6692,2.241332935
V1J,24491,11169,9913,2.470594169
V1K,9352,4276,3920,2.385714286
V1L,17641,8639,7855,2.245830681
V1M,31417,11591,11274,2.786677311
V1N,13357,6009,5663,2.358643828
V1P,9656,3687,3508,2.752565564
V1R,10295,5083,4800,2.144791667
V1S,13262,5189,5029,2.637104792
V1T,30436,14529,13854,2.19691064
V1V,26732,12545,11285,2.368808152
V1W,38374,16616,15663,2.449977654
V1X,35151,14825,14181,2.478739158
V1Y,39050,21289,19337,2.019444588
V1Z,16552,7312,6545,2.5289534
V2A,40489,20112,18931,2.138767102
V2B,41642,17582,16867,2.468844489
V2C,27038,12668,11938,2.264868487
V2E,15962,6264,6089,2.621448514
V2G,18200,8371,7755,2.346872985
V2H,7060,3142,2998,2.354903269
V2J,22680,10650,9954,2.278481013
V2K,21556,8977,8606,2.504764118
V2L,10101,5216,4660,2.167596567
V2M,23763,10807,10237,2.321285533
V2N,33870,14062,13198,2.566297924
V2P,39075,16842,16136,2.421603867
V2R,55505,22496,21373,2.596968137
V2S,52492,21544,20716,2.533886851
V2T,60078,20545,19541,3.07445883
V2V,36155,13494,12554,2.879958579
V2W,23673,7807,7528,3.144659936
V2X,50279,20632,19957,2.519366638
V2Y,46971,17430,16466,2.852605369
V2Z,16209,6158,5909,2.74310374
V3A,46299,19798,18921,2.446963691
V3B,61396,24786,23865,2.572637754
V3C,39448,15336,14815,2.662706716
V3E,42030,14563,13929,3.017445617
V3G,26939,9296,8914,3.022100067
V3H,37339,14946,14394,2.594066972
V3J,44558,19122,18228,2.444481018
V3K,31181,12603,11893,2.621794333
V3L,30988,14760,14222,2.178877795
V3M,47927,22977,21877,2.190748274
V3N,41405,16270,15563,2.660476772
V3R,61436,21673,20795,2.95436403
V3S,104997,33851,32316,3.249071667
V3T,45514,19589,18442,2.467953584
V3V,50873,15385,14438,3.523548968
V3W,95970,29435,28006,3.426765693
V3X,33054,10041,9511,3.475344338
V3Y,19414,7719,7477,2.596495921
V3Z,38837,14521,13772,2.819997096
V4A,38036,16093,15426,2.465707248
V4B,21828,11417,10675,2.044777518
V4C,48434,15940,15079,3.212016712
V4E,12280,4065,3927,3.127069009
V4G,72,34,30,2.4
V4K,25193,10009,9705,2.595878413
V4L,7874,3666,3508,2.244583808
V4M,16805,7090,6726,2.498513232
V4N,86011,28973,27608,3.115437554
V4P,13950,5760,5511,2.531301034
V4R,17038,5817,5622,3.030594095
V4S,7922,2738,2642,2.998485995
V4T,31700,14223,13332,2.377737774
V4V,17726,7885,7163,2.474661455
V4W,21246,7646,7290,2.914403292
V4X,14365,4394,4178,3.438247966
V4Z,5777,2013,1885,3.064721485
V5A,25403,10445,9726,2.611865104
V5B,22577,9000,8543,2.642748449
V5C,37684,17958,16918,2.227450053
V5E,26843,11097,10620,2.527589454
V5G,20137,7673,7257,2.774838087
V5H,41948,21163,19649,2.134866914
V5J,23190,8860,8460,2.741134752
V5K,23431,9735,9106,2.57313859
V5L,19473,10855,10240,1.901660156
V5M,23412,9364,8778,2.667122351
V5N,35843,16190,15201,2.357936978
V5P,31624,11935,11042,2.863973918
V5R,48150,19741,18623,2.585512538
V5S,32940,13449,12729,2.587791657
V5T,26340,15246,14275,1.845183888
V5V,24288,10201,9487,2.560134921
V5W,20828,8397,7844,2.655277919
V5X,31095,12047,11055,2.81275441
V5Y,19032,9795,9121,2.08661331
V5Z,24957,12787,12074,2.067003479
V6A,21062,11864,10895,1.933180358
V6B,32375,20528,18552,1.745094868
V6C,2846,1785,1532,1.85770235
V6E,27482,18597,16964,1.620018863
V6G,28013,19683,17887,1.566109465
V6H,17742,10555,10007,1.772958929
V6J,23044,13677,12887,1.788158609
V6K,27146,14837,13979,1.941912869
V6L,10563,4143,3904,2.705686475
V6M,16421,7720,7234,2.269975118
V6N,14258,5307,4971,2.868235767
V6P,33079,14848,14083,2.348860328
V6R,19170,9195,8394,2.283774124
V6S,15711,7315,6365,2.468342498
V6T,12048,5487,4716,2.554707379
V6V,11096,3729,3553,3.122994652
V6W,2439,1213,1152,2.1171875
V6X,41321,18510,17406,2.373951511
V6Y,49221,21619,20688,2.379205336
V6Z,20683,12943,11800,1.75279661
V7A,26533,9410,9037,2.936040721
V7B,820,315,304,2.697368421
V7C,40708,16025,15153,2.686464726
V7E,37803,14215,13788,2.741731941
V7G,11851,4874,4696,2.523637138
V7H,12430,4690,4562,2.724682157
V7J,17865,7341,6964,2.565336014
V7K,12586,4423,4282,2.93928071
V7L,29248,14524,13485,2.168928439
V7M,23086,12285,11632,1.984697387
V7N,15150,5796,5567,2.721393929
V7P,13710,6084,5726,2.3943416
V7R,15585,5610,5380,2.896840149
V7S,11141,4286,4010,2.778304239
V7T,9891,4439,4099,2.413027568
V7V,15241,7139,6727,2.265645905
V7W,8698,3508,3276,2.655067155
V7Z,203,210,97,2.092783505
V8A,19133,9628,8773,2.180895931
V8B,17677,7687,7061,2.503469763
V8C,8236,4381,3604,2.285238624
V8E,13788,9507,5474,2.518816222
V8G,19606,8661,8000,2.45075
V8J,12344,5793,5101,2.419917663
V8K,11635,6105,5120,2.272460938
V8L,25107,11912,11203,2.241096135
V8M,16687,7636,7091,2.353264702
V8N,26049,10384,9861,2.641618497
V8P,18418,8211,7812,2.35765489
V8R,24074,11470,10979,2.192731578
V8S,17294,8490,8059,2.145923812
V8T,21343,11040,10383,2.055571607
V8V,28430,18156,16894,1.682845981
V8W,6459,5125,4127,1.565059365
V8X,24227,11136,10715,2.261035931
V8Y,10134,4234,4087,2.479569366
V8Z,32137,13046,12606,2.549341583
V9A,39759,20739,19752,2.012910085
V9B,53952,23436,22370,2.41180152
V9C,27886,10895,10469,2.663673703
V9E,5341,2187,2102,2.540913416
V9G,15885,7150,6746,2.354728728
V9H,10137,4262,4085,2.481517748
V9J,9385,4087,3825,2.453594771
V9K,16688,8530,7634,2.186009955
V9L,36520,15935,15138,2.412471925
V9M,18470,8389,8058,2.292132043
V9N,32956,15374,14849,2.219408714
V9P,27708,13858,13097,2.115598992
V9R,31992,14937,14039,2.278794786
V9S,17977,8800,8488,2.117931197
V9T,36952,16015,15399,2.39963634
V9V,11300,4762,4623,2.444300238
V9W,30783,14293,13655,2.25433907
V9X,11345,4577,4390,2.58428246
V9Y,26445,12975,11971,2.209088631
V9Z,20131,8841,8267,2.435103423
X0A,19355,6573,5530,3.5
X0B,6476,1958,1681,3.852468769
X0C,11027,3189,2715,4.061510129
X0E,19798,9021,7308,2.709085933
X0G,468,209,170,2.752941176
X1A,20804,8373,7729,2.691680683
Y0A,1657,1023,770,2.151948052
Y0B,7481,5066,3640,2.05521978
Y1A,31094,13521,12771,2.434734946
